https://imnotyourson.com/adding-shortcuts-and-spotlight-actions-to-ios/, https://tech.imnotyourson.com/adding-shortcuts-and-spotlight-actions-to-ios/
https://imnotyourson.com/afnetworking-with-block-callback/, https://tech.imnotyourson.com/afnetworking-with-block-callback/
https://imnotyourson.com/alcatraz-and-plugins-disappeared-everytime-you-upgrade-xcode/, https://tech.imnotyourson.com/alcatraz-and-plugins-disappeared-everytime-you-upgrade-xcode/
https://imnotyourson.com/android-debugging-over-wi-fi/, https://tech.imnotyourson.com/android-debugging-over-wi-fi/
https://imnotyourson.com/android-instrumented-tests-on-firebase-test-lab-with-travis-ci/, https://tech.imnotyourson.com/android-instrumented-tests-on-firebase-test-lab-with-travis-ci/
https://imnotyourson.com/android-n-uses-java-nio-buffer-asreadonlybuffer-cause-8-bits-shift-bug/, https://tech.imnotyourson.com/android-n-uses-java-nio-buffer-asreadonlybuffer-cause-8-bits-shift-bug/
https://imnotyourson.com/appwage-a-mac-app-managing-your-apps/, https://tech.imnotyourson.com/appwage-a-mac-app-managing-your-apps/
https://imnotyourson.com/as-an-ios-developer-this-is-my-study-path/, https://tech.imnotyourson.com/as-an-ios-developer-this-is-my-study-path/
https://imnotyourson.com/autolayout-with-dynamic-uitextview-height/, https://tech.imnotyourson.com/autolayout-with-dynamic-uitextview-height/
https://imnotyourson.com/autoreleasepool-in-arc/, https://tech.imnotyourson.com/autoreleasepool-in-arc/
https://imnotyourson.com/available-attribute-unexpected-report/, https://tech.imnotyourson.com/available-attribute-unexpected-report/
https://imnotyourson.com/cannot-scroll-scrollable-content-inside-viewpager-as-bottomsheet-of-coordinatorlayout/, https://tech.imnotyourson.com/cannot-scroll-scrollable-content-inside-viewpager-as-bottomsheet-of-coordinatorlayout/
https://imnotyourson.com/convert-hls-video-mp4-into-gif/, https://tech.imnotyourson.com/convert-hls-video-mp4-into-gif/
https://imnotyourson.com/core-data-i/, https://tech.imnotyourson.com/core-data-i/
https://imnotyourson.com/create-gradient-background-view-with-transparency/, https://tech.imnotyourson.com/create-gradient-background-view-with-transparency/
https://imnotyourson.com/decode-json-nested-heterogeneous-item-with-codable/, https://tech.imnotyourson.com/decode-json-nested-heterogeneous-item-with-codable/
https://imnotyourson.com/diffable-and-mergeable-localizable-strings/, https://tech.imnotyourson.com/diffable-and-mergeable-localizable-strings/
https://imnotyourson.com/disabling-notification-vibration-on-android-8/, https://tech.imnotyourson.com/disabling-notification-vibration-on-android-8/
https://imnotyourson.com/draggable-view-controller-interactive-view-controller/, https://tech.imnotyourson.com/draggable-view-controller-interactive-view-controller/
https://imnotyourson.com/effective/, https://tech.imnotyourson.com/effective/
https://imnotyourson.com/enhance-poor-performance-of-decoding-audio-with-mediaextractor-and-mediacodec-to-pcm/, https://tech.imnotyourson.com/enhance-poor-performance-of-decoding-audio-with-mediaextractor-and-mediacodec-to-pcm/
https://imnotyourson.com/free-disk-size-by-removing-unused-ios/, https://tech.imnotyourson.com/free-disk-size-by-removing-unused-ios/
https://imnotyourson.com/google-play-review-monitor-jon-snow/, https://tech.imnotyourson.com/google-play-review-monitor-jon-snow/
https://imnotyourson.com/gson-typeadapter-slow-deserialization/, https://tech.imnotyourson.com/gson-typeadapter-slow-deserialization/
https://imnotyourson.com/hakka-saver-screen-saver/, https://tech.imnotyourson.com/hakka-saver-screen-saver/
https://imnotyourson.com/handling-deep-link-with-nsurlprotocol/, https://tech.imnotyourson.com/handling-deep-link-with-nsurlprotocol/
https://imnotyourson.com/incompatible-types-for-kotlin-class-that-implements-java-interface/, https://tech.imnotyourson.com/incompatible-types-for-kotlin-class-that-implements-java-interface/
https://imnotyourson.com/instruction-of-renaming-the-whole-ios-project/, https://tech.imnotyourson.com/instruction-of-renaming-the-whole-ios-project/
https://imnotyourson.com/ios-adaptive-layout-with-rotation-tips/, https://tech.imnotyourson.com/ios-adaptive-layout-with-rotation-tips/
https://imnotyourson.com/ios-testing-uiviewcontroller/, https://tech.imnotyourson.com/ios-testing-uiviewcontroller/
https://imnotyourson.com/itunes-connect-got-ready-for-sale-status-but-not-in-app-store/, https://tech.imnotyourson.com/itunes-connect-got-ready-for-sale-status-but-not-in-app-store/
https://imnotyourson.com/kotlin-compiler-unresolved-reference-on-java-classes/, https://tech.imnotyourson.com/kotlin-compiler-unresolved-reference-on-java-classes/
https://imnotyourson.com/lightweight-core-data-migration-of-restkit/, https://tech.imnotyourson.com/lightweight-core-data-migration-of-restkit/
https://imnotyourson.com/lightweight-generics-in-objective-c/, https://tech.imnotyourson.com/lightweight-generics-in-objective-c/
https://imnotyourson.com/mobile-web-friendly/, https://tech.imnotyourson.com/mobile-web-friendly/
https://imnotyourson.com/mockito-configuration/, https://tech.imnotyourson.com/mockito-configuration/
https://imnotyourson.com/mockito-mocking-parameterized-class-in-kotlin/, https://tech.imnotyourson.com/mockito-mocking-parameterized-class-in-kotlin/
https://imnotyourson.com/multiple-googleservice-info-plist-during-ios-preprocessing/, https://tech.imnotyourson.com/multiple-googleservice-info-plist-during-ios-preprocessing/
https://imnotyourson.com/my-ios-development-environment/, https://tech.imnotyourson.com/my-ios-development-environment/
https://imnotyourson.com/nsarray-group-by-and-shuffle/, https://tech.imnotyourson.com/nsarray-group-by-and-shuffle/
https://imnotyourson.com/objective-c-gets-property-value-dynamically/, https://tech.imnotyourson.com/objective-c-gets-property-value-dynamically/
https://imnotyourson.com/objective-c-notification-name-with-swift-interoperability/, https://tech.imnotyourson.com/objective-c-notification-name-with-swift-interoperability/
https://imnotyourson.com/podfile-in-real-world-example/, https://tech.imnotyourson.com/podfile-in-real-world-example/
https://imnotyourson.com/release-new-versions-of-pod-on-cocoapods/, https://tech.imnotyourson.com/release-new-versions-of-pod-on-cocoapods/
https://imnotyourson.com/repositories-declaration-inside-build-gradle/, https://tech.imnotyourson.com/repositories-declaration-inside-build-gradle/
https://imnotyourson.com/scrollview-with-soften-edges/, https://tech.imnotyourson.com/scrollview-with-soften-edges/
https://imnotyourson.com/setup-travis-ci-on-ios-project/, https://tech.imnotyourson.com/setup-travis-ci-on-ios-project/
https://imnotyourson.com/single-code-base-with-different-build-configurations/, https://tech.imnotyourson.com/single-code-base-with-different-build-configurations/
https://imnotyourson.com/spotify-library-not-sync-on-windows/, https://tech.imnotyourson.com/spotify-library-not-sync-on-windows/
https://imnotyourson.com/streaming-remote-audio-on-ios-with-hysteriaplayer-tutorial-0/, https://tech.imnotyourson.com/streaming-remote-audio-on-ios-with-hysteriaplayer-tutorial-0/
https://imnotyourson.com/streaming-remote-audio-on-ios-with-hysteriaplayer-tutorial-1/, https://tech.imnotyourson.com/streaming-remote-audio-on-ios-with-hysteriaplayer-tutorial-1/
https://imnotyourson.com/streaming-remote-audio-on-ios-with-hysteriaplayer-tutorial-2/, https://tech.imnotyourson.com/streaming-remote-audio-on-ios-with-hysteriaplayer-tutorial-2/
https://imnotyourson.com/swift-lazy-initializer-with-lookup-ability-if-value-equals-nil/, https://tech.imnotyourson.com/swift-lazy-initializer-with-lookup-ability-if-value-equals-nil/
https://imnotyourson.com/symbolicate-crash-report-with-dsym/, https://tech.imnotyourson.com/symbolicate-crash-report-with-dsym/
https://imnotyourson.com/synx-awesome-command-line-tools-for-xcode-developers/, https://tech.imnotyourson.com/synx-awesome-command-line-tools-for-xcode-developers/
https://imnotyourson.com/table-view-cell-dynamic-height-with-autolayout-for-ios-7-later/, https://tech.imnotyourson.com/table-view-cell-dynamic-height-with-autolayout-for-ios-7-later/
https://imnotyourson.com/treat-todo-and-fixme-as-warnings-in-swift-project/, https://tech.imnotyourson.com/treat-todo-and-fixme-as-warnings-in-swift-project/
https://imnotyourson.com/ui-testing-app-behavior-with-safari-operations-for-ios-15/, https://tech.imnotyourson.com/ui-testing-app-behavior-with-safari-operations-for-ios-15/
https://imnotyourson.com/uicollectionview-responding-to-device-rotation-with-animation/, https://tech.imnotyourson.com/uicollectionview-responding-to-device-rotation-with-animation/
https://imnotyourson.com/uitableviewcell-dynamic-height-with-autolayout-conclusion/, https://tech.imnotyourson.com/uitableviewcell-dynamic-height-with-autolayout-conclusion/
https://imnotyourson.com/uiwebview-handle-html-input-file-multiple-selection-solution/, https://tech.imnotyourson.com/uiwebview-handle-html-input-file-multiple-selection-solution/
https://imnotyourson.com/unable-to-find-a-license-file-warning/, https://tech.imnotyourson.com/unable-to-find-a-license-file-warning/
https://imnotyourson.com/unit-testing-your-uiviewcontroller-been-pushed-properly/, https://tech.imnotyourson.com/unit-testing-your-uiviewcontroller-been-pushed-properly/
https://imnotyourson.com/unit-tests-that-avoid-memory-leaks/, https://tech.imnotyourson.com/unit-tests-that-avoid-memory-leaks/
https://imnotyourson.com/universal-link-trick-matching-only-one-path-component/, https://tech.imnotyourson.com/universal-link-trick-matching-only-one-path-component/
https://imnotyourson.com/vim-insert-current-time/, https://tech.imnotyourson.com/vim-insert-current-time/
https://imnotyourson.com/wechat-sdk-cannot-share-local-video-to-timeline/, https://tech.imnotyourson.com/wechat-sdk-cannot-share-local-video-to-timeline/
https://imnotyourson.com/when-to-use-delegates-callbacks-or-callback-chaining/, https://tech.imnotyourson.com/when-to-use-delegates-callbacks-or-callback-chaining/
https://imnotyourson.com/which-nullness-annotation-you-should-use-on-android/, https://tech.imnotyourson.com/which-nullness-annotation-you-should-use-on-android/
https://imnotyourson.com/which-storage-directory-should-i-use-for-storing-on-android-6/, https://tech.imnotyourson.com/which-storage-directory-should-i-use-for-storing-on-android-6/
https://imnotyourson.com/write-unit-tests-to-avoid-memory-leaks-in-objective-c/, https://tech.imnotyourson.com/write-unit-tests-to-avoid-memory-leaks-in-objective-c/
https://imnotyourson.com/xcode-7-unit-testing-super-slow/, https://tech.imnotyourson.com/xcode-7-unit-testing-super-slow/
https://imnotyourson.com/xcode-plugin-xcoverage/, https://tech.imnotyourson.com/xcode-plugin-xcoverage/
